beta_h,beta_s,gamma,sigma,mu_h,mu_s,snail_density,water_contact,cercarial_exposure,miracidial_shedding,snail_susceptibility,human_susceptibility,treatment_rate,praziquantel_effect,sanitation_coverage,safe_water_coverage,seasonal_amplitude,rainfall_index,temperature_index,migration_rate
0.19375,0.21875,0.20666666666666667,0.19687500000000002,6.875e-05,0.16645833333333335,1.96875,0.4625,0.6760416666666667,0.7635416666666667,0.84375,1.35,0.105,0.98,0.19166666666666668,0.3416666666666667,0.29374999999999996,1.275,1.1833333333333333,0.04895833333333333
0.2734375,0.3305208333333334,0.275,0.11895833333333333,4.625e-05,0.12583333333333335,1.5625,1.375,1.7458333333333333,0.603125,0.7604166666666667,0.9,0.0225,0.7424999999999999,0.5833333333333334,0.8333333333333334,0.0625,0.7875,0.8333333333333334,0.004166666666666667
0.353125,0.44229166666666664,0.18166666666666667,0.21281250000000002,2.375e-05,0.08520833333333333,1.15625,1.075,1.5020833333333334,1.5541666666666667,0.6770833333333334,1.2583333333333333,0.06124999999999999,0.8889583333333333,0.16666666666666669,0.5166666666666667,0.134375,0.90625,0.8875000000000001,0.009895833333333333
0.43281250000000004,0.18020833333333333,0.25,0.13489583333333333,6.1875e-05,0.17593750000000002,0.75,0.775,1.2583333333333333,1.39375,0.59375,0.8083333333333333,0.1,0.6514583333333333,0.5583333333333333,0.2,0.20625,1.025,0.9416666666666668,0.015625
0.5125,0.2919791666666667,0.15666666666666668,0.22875,3.9375e-05,0.1353125,1.859375,0.47500000000000003,1.0145833333333334,1.2333333333333334,0.5104166666666666,1.1666666666666667,0.0175,0.7979166666666666,0.14166666666666666,0.6916666666666667,0.278125,1.14375,0.9958333333333333,0.021354166666666667
0.1375,0.40375,0.22499999999999998,0.15083333333333335,7.75e-05,0.09468750000000001,1.453125,1.3875,0.7708333333333334,1.0729166666666667,1.4375,0.7166666666666667,0.056249999999999994,0.944375,0.5333333333333333,0.375,0.046875,1.2625,1.05,0.027083333333333334
0.21718750000000003,0.14166666666666666,0.13166666666666665,0.2446875,5.500000000000001e-05,0.0540625,1.046875,1.0875,0.5270833333333333,0.9125000000000001,1.3541666666666665,1.075,0.09499999999999999,0.7068749999999999,0.11666666666666667,0.8666666666666667,0.11875,0.7749999999999999,1.1041666666666667,0.0328125
0.296875,0.2534375,0.2,0.16677083333333334,3.2500000000000004e-05,0.14479166666666665,0.640625,0.7875000000000001,1.596875,0.7520833333333333,1.2708333333333335,0.625,0.0125,0.8533333333333333,0.5083333333333333,0.55,0.190625,0.8937499999999999,1.1583333333333334,0.03854166666666667
0.3765625,0.36520833333333336,0.2683333333333333,0.08885416666666666,7.062500000000001e-05,0.10416666666666667,1.75,0.48750000000000004,1.353125,0.5916666666666667,1.1875,0.9833333333333334,0.05125,0.6158333333333333,0.9,0.23333333333333334,0.2625,1.0125,0.8083333333333333,0.044270833333333336
0.45625000000000004,0.103125,0.175,0.18270833333333333,4.8125000000000004e-05,0.06354166666666666,1.34375,1.4,1.109375,1.5427083333333333,1.1041666666666665,1.3416666666666668,0.09,0.7622916666666666,0.4833333333333334,0.725,0.03125,1.1312499999999999,0.8625,0.05
0.5359375000000001,0.21489583333333334,0.24333333333333335,0.10479166666666667,2.5625000000000003e-05,0.15427083333333336,0.9375,1.1,0.8656250000000001,1.3822916666666667,1.0208333333333335,0.8916666666666666,0.0075,0.90875,0.875,0.4083333333333333,0.103125,1.25,0.9166666666666667,0.005208333333333334
0.1609375,0.32666666666666666,0.15,0.19864583333333335,6.375e-05,0.11364583333333333,0.53125,0.8,0.621875,1.221875,0.9375,1.25,0.04625,0.67125,0.45833333333333337,0.9,0.17500000000000002,0.7625,0.9708333333333334,0.010937500000000001
0.240625,0.43843750000000004,0.21833333333333332,0.12072916666666667,4.125e-05,0.07302083333333334,1.640625,0.5,1.6916666666666667,1.0614583333333334,0.8541666666666667,0.8,0.085,0.8177083333333333,0.85,0.5833333333333334,0.24687499999999998,0.88125,1.0250000000000001,0.016666666666666666
0.3203125,0.17635416666666667,0.125,0.21458333333333335,7.9375e-05,0.16375,1.234375,1.4125,1.4479166666666665,0.9010416666666667,0.7708333333333333,1.1583333333333332,0.0024999999999999996,0.9641666666666666,0.43333333333333335,0.2666666666666667,0.015625,1.0,1.0791666666666666,0.022395833333333337
0.4,0.288125,0.19333333333333333,0.13666666666666666,5.6875e-05,0.123125,0.828125,1.1125,1.2041666666666666,0.7406250000000001,0.6875,0.7083333333333333,0.041249999999999995,0.7266666666666666,0.8250000000000001,0.7583333333333333,0.08750000000000001,1.11875,1.1333333333333333,0.028125
0.47968750000000004,0.39989583333333334,0.26166666666666666,0.23052083333333334,3.4375e-05,0.0825,1.9375,0.8125,0.9604166666666667,0.5802083333333333,0.6041666666666666,1.0666666666666667,0.07999999999999999,0.8731249999999999,0.4083333333333333,0.44166666666666665,0.159375,1.2374999999999998,1.1875,0.03385416666666667
0.1046875,0.1378125,0.16833333333333333,0.15260416666666665,7.25e-05,0.17322916666666666,1.53125,0.5125,0.7166666666666667,1.53125,0.5208333333333334,0.6166666666666667,0.11875,0.635625,0.8,0.125,0.23125,0.75,0.8375,0.03958333333333333
0.184375,0.24958333333333332,0.23666666666666666,0.24645833333333333,5e-05,0.13260416666666666,1.125,1.4249999999999998,1.7864583333333335,1.3708333333333333,1.4479166666666665,0.975,0.03625,0.7820833333333334,0.3833333333333334,0.6166666666666667,0.0,0.8687499999999999,0.8916666666666667,0.045312500000000006
0.2640625,0.36135416666666664,0.14333333333333334,0.1685416666666667,2.75e-05,0.09197916666666667,0.71875,1.125,1.5427083333333333,1.2104166666666667,1.3645833333333335,1.3333333333333335,0.075,0.9285416666666666,0.775,0.30000000000000004,0.071875,0.9874999999999999,0.9458333333333334,0.0005208333333333333
0.34375,0.09927083333333334,0.21166666666666667,0.090625,6.5625e-05,0.05135416666666667,1.828125,0.825,1.2989583333333334,1.05,1.28125,0.8833333333333333,0.11374999999999999,0.6910416666666667,0.3583333333333334,0.7916666666666667,0.14375,1.10625,1.0,0.00625
0.4234375,0.21104166666666668,0.28,0.1844791666666667,4.3125000000000005e-05,0.14208333333333334,1.421875,0.525,1.0552083333333333,0.8895833333333334,1.1979166666666665,1.2416666666666667,0.03125,0.8374999999999999,0.75,0.475,0.21562499999999998,1.225,1.0541666666666667,0.011979166666666667
0.503125,0.3228125,0.18666666666666665,0.1065625,2.0625e-05,0.10145833333333334,1.015625,1.4375,0.8114583333333334,0.7291666666666667,1.1145833333333335,0.7916666666666666,0.07,0.6,0.33333333333333337,0.15833333333333335,0.2875,0.7374999999999999,1.1083333333333334,0.017708333333333336
0.12812500000000002,0.4345833333333334,0.255,0.2004166666666667,5.8750000000000005e-05,0.060833333333333336,0.609375,1.1375000000000002,0.5677083333333334,0.56875,1.03125,1.15,0.10875,0.7464583333333333,0.725,0.65,0.056249999999999994,0.85625,1.1625,0.0234375
0.2078125,0.1725,0.16166666666666668,0.1225,3.625e-05,0.1515625,1.71875,0.8374999999999999,1.6375,1.5197916666666669,0.9479166666666667,0.7,0.02625,0.8929166666666666,0.30833333333333335,0.33333333333333337,0.128125,0.9749999999999999,0.8125,0.02916666666666667
0.2875,0.28427083333333336,0.22999999999999998,0.21635416666666668,7.4375e-05,0.11093750000000001,1.3125,0.5375,1.39375,1.359375,0.8645833333333333,1.0583333333333333,0.06499999999999999,0.6554166666666666,0.7000000000000001,0.8250000000000001,0.19999999999999998,1.09375,0.8666666666666667,0.034895833333333334
0.3671875,0.3960416666666667,0.13666666666666666,0.1384375,5.1875e-05,0.0703125,0.90625,1.4500000000000002,1.15,1.1989583333333333,0.78125,0.6083333333333333,0.10375,0.801875,0.2833333333333333,0.5083333333333333,0.271875,1.2125,0.9208333333333334,0.040625
0.446875,0.13395833333333335,0.20500000000000002,0.23229166666666667,2.9375000000000003e-05,0.16104166666666667,0.5,1.15,0.90625,1.0385416666666667,0.6979166666666666,0.9666666666666667,0.02125,0.9483333333333333,0.675,0.19166666666666668,0.040624999999999994,0.725,0.9750000000000001,0.04635416666666667
0.5265625,0.24572916666666667,0.2733333333333333,0.154375,6.75e-05,0.12041666666666667,1.609375,0.85,0.6625,0.878125,0.6145833333333334,1.3250000000000002,0.06,0.7108333333333333,0.2583333333333333,0.6833333333333333,0.11249999999999999,0.84375,1.0291666666666668,0.0015625
0.1515625,0.3575,0.18,0.24822916666666667,4.5e-05,0.07979166666666668,1.203125,0.55,1.7322916666666666,0.7177083333333334,0.53125,0.875,0.09874999999999999,0.8572916666666667,0.65,0.3666666666666667,0.184375,0.9624999999999999,1.0833333333333335,0.007291666666666668
0.23125,0.09541666666666666,0.24833333333333335,0.1703125,2.25e-05,0.17052083333333334,0.796875,1.4625,1.4885416666666667,0.5572916666666666,1.4583333333333335,1.2333333333333334,0.016249999999999997,0.6197916666666666,0.23333333333333334,0.8583333333333333,0.25625,1.0812499999999998,1.1375000000000002,0.013020833333333336
0.3109375,0.20718750000000002,0.155,0.09239583333333334,6.062500000000001e-05,0.12989583333333335,1.90625,1.1625,1.2447916666666665,1.5083333333333333,1.375,0.7833333333333333,0.05499999999999999,0.76625,0.625,0.5416666666666667,0.024999999999999998,1.2,1.1916666666666667,0.018750000000000003
0.390625,0.31895833333333334,0.22333333333333333,0.18625000000000003,3.8125000000000005e-05,0.08927083333333333,1.5,0.8625,1.0010416666666666,1.3479166666666669,1.2916666666666665,1.1416666666666666,0.09375,0.9127083333333332,0.20833333333333334,0.225,0.096875,0.7124999999999999,0.8416666666666667,0.024479166666666666
0.4703125,0.43072916666666666,0.13,0.10833333333333334,7.625e-05,0.18,1.09375,0.5625,0.7572916666666667,1.1875,1.2083333333333335,0.6916666666666667,0.01125,0.6752083333333333,0.6,0.7166666666666667,0.16874999999999998,0.8312499999999999,0.8958333333333334,0.030208333333333334
0.55,0.16864583333333333,0.19833333333333333,0.20218750000000002,5.3750000000000005e-05,0.13937500000000003,0.6875,1.475,0.5135416666666667,1.0270833333333333,1.125,1.05,0.05,0.8216666666666667,0.18333333333333335,0.4,0.240625,0.95,0.9500000000000001,0.035937500000000004
0.175,0.28041666666666665,0.26666666666666666,0.12427083333333334,3.125e-05,0.09875,1.796875,1.175,1.5833333333333335,0.8666666666666667,1.0416666666666665,0.6,0.08875,0.9681249999999999,0.5750000000000001,0.8916666666666667,0.009375,1.06875,1.0041666666666667,0.04166666666666667
0.2546875,0.3921875,0.17333333333333334,0.218125,6.9375e-05,0.058125,1.390625,0.875,1.3395833333333336,0.70625,0.9583333333333333,0.9583333333333334,0.00625,0.730625,0.15833333333333335,0.5750000000000001,0.08124999999999999,1.1875,1.0583333333333333,0.04739583333333333
0.33437500000000003,0.13010416666666666,0.24166666666666664,0.14020833333333335,4.6875e-05,0.14885416666666668,0.984375,0.5750000000000001,1.0958333333333332,0.5458333333333334,0.875,1.3166666666666669,0.045,0.8770833333333333,0.55,0.2583333333333333,0.15312499999999998,0.7,1.1125,0.002604166666666667
0.4140625,0.241875,0.14833333333333332,0.2340625,2.4375000000000003e-05,0.10822916666666668,0.578125,1.4874999999999998,0.8520833333333333,1.4968750000000002,0.7916666666666667,0.8666666666666667,0.08374999999999999,0.6395833333333333,0.13333333333333333,0.75,0.22499999999999998,0.81875,1.1666666666666667,0.008333333333333333
0.49375,0.3536458333333334,0.21666666666666667,0.15614583333333334,6.25e-05,0.06760416666666667,1.6875,1.1875,0.6083333333333334,1.3364583333333333,0.7083333333333334,1.225,0.0012499999999999998,0.7860416666666666,0.525,0.43333333333333335,0.296875,0.9375,0.8166666666666668,0.0140625
0.11875000000000001,0.0915625,0.12333333333333332,0.25,3.9999999999999996e-05,0.15833333333333333,1.28125,0.8875,1.678125,1.1760416666666669,0.625,0.775,0.039999999999999994,0.9325,0.10833333333333334,0.11666666666666667,0.065625,1.05625,0.8708333333333333,0.019791666666666666
0.1984375,0.2033333333333333,0.19166666666666665,0.17208333333333334,7.8125e-05,0.11770833333333335,0.875,0.5875,1.4343750000000002,1.015625,0.5416666666666666,1.1333333333333333,0.07875,0.695,0.5,0.6083333333333333,0.13749999999999998,1.1749999999999998,0.925,0.025520833333333333
0.278125,0.31510416666666663,0.26,0.09416666666666668,5.5625e-05,0.07708333333333334,1.984375,1.5,1.190625,0.8552083333333333,1.46875,0.6833333333333333,0.1175,0.8414583333333333,0.8916666666666667,0.2916666666666667,0.20937499999999998,1.29375,0.9791666666666667,0.03125
0.3578125,0.426875,0.16666666666666666,0.18802083333333333,3.3125000000000006e-05,0.1678125,1.578125,1.2,0.946875,0.6947916666666667,1.3854166666666665,1.0416666666666667,0.035,0.6039583333333333,0.475,0.7833333333333333,0.28125,0.8062499999999999,1.0333333333333334,0.03697916666666667
0.4375,0.16479166666666667,0.235,0.11010416666666667,7.125e-05,0.1271875,1.171875,0.9,0.703125,0.534375,1.3020833333333335,1.4,0.07375,0.7504166666666666,0.8666666666666667,0.4666666666666667,0.049999999999999996,0.9249999999999999,1.0875000000000001,0.042708333333333334
0.5171875,0.2765625,0.14166666666666666,0.20395833333333335,4.8750000000000006e-05,0.0865625,0.765625,0.6,1.7729166666666667,1.4854166666666668,1.21875,0.95,0.11249999999999999,0.896875,0.45000000000000007,0.15000000000000002,0.121875,1.04375,1.1416666666666666,0.0484375
0.14218750000000002,0.38833333333333336,0.21,0.12604166666666666,2.625e-05,0.17729166666666668,1.875,1.5125000000000002,1.5291666666666666,1.3250000000000002,1.1354166666666665,1.3083333333333333,0.03,0.6593749999999999,0.8416666666666667,0.6416666666666667,0.19375,1.1625,1.1958333333333333,0.003645833333333334
0.221875,0.12625,0.2783333333333333,0.21989583333333335,6.4375e-05,0.13666666666666666,1.46875,1.2125,1.2854166666666667,1.1645833333333333,1.0520833333333335,0.8583333333333334,0.06874999999999999,0.8058333333333333,0.42500000000000004,0.325,0.265625,1.28125,0.8458333333333334,0.009375000000000001
0.3015625,0.23802083333333335,0.185,0.14197916666666666,4.1875e-05,0.09604166666666666,1.0625,0.9125,1.0416666666666667,1.0041666666666667,0.96875,1.2166666666666668,0.1075,0.9522916666666666,0.8166666666666668,0.8166666666666668,0.034374999999999996,0.79375,0.9,0.015104166666666667
0.38125,0.34979166666666667,0.2533333333333333,0.23583333333333334,8e-05,0.05541666666666667,0.65625,0.6125,0.7979166666666666,0.84375,0.8854166666666667,0.7666666666666666,0.025,0.7147916666666666,0.4,0.5,0.10625,0.9125,0.9541666666666667,0.020833333333333336
0.4609375,0.08770833333333333,0.16,0.15791666666666668,5.75e-05,0.14614583333333336,1.765625,1.525,0.5541666666666667,0.6833333333333333,0.8020833333333333,1.125,0.06375,0.86125,0.7916666666666667,0.18333333333333335,0.178125,1.03125,1.0083333333333333,0.026562500000000003
