time,sim1,sim2,sim3,sim4,sim5,sim6,sim7,sim8,sim9,sim10,sim11,sim12,sim13,sim14,sim15,sim16,sim17,sim18,sim19,sim20,sim21,sim22,sim23,sim24,sim25,sim26,sim27,sim28,sim29,sim30,sim31,sim32,sim33,sim34,sim35,sim36,sim37,sim38,sim39,sim40,sim41,sim42,sim43,sim44,sim45,sim46,sim47,sim48,sim49,sim50
0.0,6.280864786146594,5.92306550316145,5.859429773485264,6.851021442002579,7.271719475238811,6.721071477977702,7.005655612930763,7.9881316880613555,7.990458304508498,7.478578885653465,8.122377515340977,8.942704799410961,8.653494543858228,8.426976719491567,9.374750170907431,9.933088484288938,9.50087465523153,9.678460901927728,10.733307410005112,10.894428407915282,10.428523437541308,10.978207703143848,11.852123288695621,11.579599595994095,11.247268054830647,12.026450183051004,12.62861561820867,12.121869851216257,12.13997248923254,13.0846949731405,13.42100060450687,12.940003276092137,13.408354174512523,14.373656067258585,14.405244143618754,14.085103786647704,14.887205098390247,15.59691786720941,15.175181633519701,15.177965267071123,16.097437327127476,16.38190647886139,15.819680332708298,16.11345762568905,17.038944950895246,16.996703326056128,16.617497363691598,17.284281209220858,18.143586537473286,17.910719787572415
1.0,5.783586248969828,5.690166260132276,8.481339651025376,6.056917030950485,8.13807846993319,7.245321371771613,6.909297050366988,7.499582802360408,7.589697076870625,8.952260123164113,8.06279583833396,8.268923680384278,8.437554689680205,9.51015049817053,8.799276310892015,11.389708676006883,8.243483057370826,11.176082875555265,12.17950381611101,11.656540033524807,10.013575766925227,12.419663565929403,9.982809765422248,11.965597052917085,10.643593329458543,13.790066451063593,11.158286832646382,11.854124646730217,11.163744821192893,12.202538912243638,16.548790108756293,16.16827387163823,13.46190704234501,14.600028146382176,13.35199979508205,19.887214339825466,12.827217728616066,16.35778205882825,20.80128560342883,14.461962368859929,14.502681465600034,17.83547126919871,17.45918208543732,14.344810957377167,20.266966236488788,20.35904698253992,16.050743987546014,15.902894026085374,17.594678785986023,17.006041295761438
2.0,5.2889768255317415,5.431287678008998,12.193348286469107,5.320810654861542,9.058990078391929,7.798483987351129,6.81518359144464,7.052685180758138,7.229415478762482,10.776897924857533,8.04679392633794,7.679485402055144,8.249816070017589,10.755703068787556,8.256616846182483,13.025779841367243,7.120576757156826,12.835006007180526,13.737360936959913,12.402124198401037,9.57440861301144,14.021235523257788,8.401184961287873,12.387636179055974,10.118125520706222,15.920724749745421,9.920370268378491,11.673483789168166,10.337667278589763,11.450298036563721,20.454067852814013,20.21587701162792,13.50141417173255,14.79117518704208,12.308657297096937,27.918336850332494,10.993639957150727,17.08249106151037,28.433810149534736,13.765135166818736,13.079679179378394,19.473386172267727,19.346773730983404,12.843177649437742,24.23861186821605,24.491885643498726,15.539618886207904,14.659792167367295,17.047533935134478,16.08787400922927
3.0,4.797693550487377,5.156101500362464,17.452875325218077,4.660756135098832,10.07246464989467,8.417242574875422,6.749133528342173,6.663068565818145,6.917789216777619,13.043050328810097,8.061139229594003,7.14461824015929,8.06304466925064,12.138255539806034,7.7162463800750425,14.819506979708148,6.11698648360998,14.653388854964716,15.423541333921506,13.162765855104945,9.156171531312037,15.87807004122932,7.095554390069086,12.899832762269448,9.690790590446753,18.533535978095028,8.87120877561414,11.553319160797527,9.60692564076108,10.762909123526885,25.229366564138875,25.185183623684637,13.476361460532388,14.904406371846672,11.280396055012346,39.0015826438124,9.391034433674783,17.812563274740004,38.87714007420171,13.140768564652852,11.846261706047027,21.36215586745697,21.53106235595759,11.557826649820294,29.08145739389995,29.48404959346068,15.013003013022574,13.480227854058631,16.435643847172265,15.115743095266701
4.0,4.327399053441062,4.886222006864447,24.979661845556087,4.089493365194546,11.234048315791615,9.136029792674723,6.721155057173164,6.3258831833910225,6.6436072384077915,15.822074907483614,8.076640050102572,6.634484987199104,7.853210431830195,13.625242972934986,7.170277359433464,16.774792450814136,5.236221183344773,16.673777893830653,17.30419601676397,13.999678717764489,8.798732151531608,18.10955917183614,6.030674661736707,13.528779736038528,9.346597161045953,21.70570650421185,7.953247328202542,11.442292405170665,8.91603344689107,10.084385636229083,30.952210648140085,31.188581744791282,13.372028392318823,14.940267113157828,10.303849495501954,54.400365794164514,8.02504417108547,18.610375660964294,53.314438310237904,12.612876433708735,10.78390405494165,23.525540533193666,24.00853483381873,10.420500010401629,34.85963743821413,35.36422784439656,14.417317662922278,12.325298551745965,15.739446716781824,14.10566544490303
5.0,3.8995080986665487,4.642911123910048,35.897893760511394,3.606429329776329,12.5969187040539,9.970812233231502,6.721619449437797,6.021019885778025,6.384679875949778,19.15607817643572,8.063430185635431,6.133011400096493,7.613496813006386,15.205451033079504,6.633912762123683,18.947004327256135,4.484658162679814,18.990577484348623,19.484912079457644,14.977887720215886,8.518458576344479,20.82277696549773,5.155937083830843,14.258807147810295,9.044322242617481,25.449847337979346,7.116334258515498,11.288941672167908,8.230717004765397,9.389404631913346,37.746512541836346,38.419539544741,13.215206897657367,14.93935283442143,9.420609278814428,76.06638086401779,6.883186762476197,19.52463484037077,73.38368981650402,12.166917935777233,9.847429553047872,25.926002861766975,26.71843795866715,9.372107786010005,41.58483198170878,42.1418233457874,13.744317163991797,11.201472060894373,14.994226278898733,13.11603733068437
6.0,3.5273600002959085,4.436852121970077,51.894450560069494,3.1984749960608316,14.191956420997576,10.909955907297968,6.726790526563255,5.724680073314863,6.120713122703133,23.073055773587253,8.007355101826686,5.643221035745208,7.358360072594,16.9129344019907,6.133623705352265,21.44642433318286,3.8593621705507783,21.731790686688615,22.078631618871206,16.136065202964197,8.302058395986622,24.072667845122666,4.419472824336614,15.0351442811764,8.735547633280131,29.718014162788297,6.33294247116528,11.066970510784799,7.547919929086174,8.68823000311478,45.86896164749618,47.234170912076976,13.057004537627703,14.95730174410184,8.653536115771924,106.8979404852623,5.932665440966802,20.56159440167129,101.20045513696067,11.759177485923539,8.98581977314204,28.478413221688292,29.574375470974708,8.382141941376082,49.288022695322134,49.90219820435786,13.034879712226862,10.14611640407225,14.268291880969514,12.213332457180531
7.0,3.211305613769638,4.264411504526671,75.371221611163,2.8463382672996485,16.01751662746167,11.918214960688017,6.711307727454874,5.4215959797190605,5.844150452023958,27.63233750064548,7.918105891393172,5.181761141432485,7.115276689661968,18.829754653460313,5.6912403783214005,24.41330140081567,3.344606267553964,25.020911905130003,25.163889210411988,17.464787120426976,8.113095165636496,27.836858794391166,3.7805858815040985,15.78722388305513,8.386657239498799,34.45092133503104,5.601140474393155,10.787462841264334,6.889386880262038,8.01334305777186,55.775258949442176,58.19865068240942,12.944264193025496,15.033881421792374,7.997036106442103,150.94681364171305,5.13012611206743,21.67684480224732,139.35625369622807,11.339339897699599,8.163572320911042,31.099709116137074,32.52668610963871,7.452328788573422,58.13234912967638,58.91492428555923,12.356375664980428,9.199896742548816,13.6263753235023,11.439288985208982
8.0,2.9407391168042603,4.110702708508864,109.588009713496,2.532036639238186,18.04707708674346,12.955675743754092,6.6618866603670055,5.111808155084512,5.563194746868796,32.98319998614204,7.823877397250751,4.766941488507629,6.909692584707538,21.06308669039139,5.313047606193794,27.972391381246617,2.9158347587812923,28.933817490219212,28.75106009148524,18.904161243240008,7.908315295619117,32.02785731039017,3.2160031569972802,16.46464357283973,7.993354981282367,39.658201335732215,4.9350953756959175,10.490571024547021,6.284105818878093,7.397582147150221,68.12380220976898,72.06954867855225,12.89605073070139,15.172795858407543,7.422112528355371,213.5364600037041,4.4349791902734825,22.7949744572315,191.0235245942638,10.876021455321489,7.372540069488672,33.77374804509054,35.62301979950497,6.604099402252125,68.50690619184955,69.69121507558012,11.768689539427719,8.383349107648506,13.099654912635055,10.795193825266354
9.0,2.7001234512103616,3.9573870613716773,158.8673224159525,2.244347989463303,20.25615759002865,14.004358701618331,6.584594745404634,4.808518541925002,5.295669412372397,39.403300373242175,7.756054559517984,4.407893065109376,6.751836486622211,23.70596804868448,4.9878897561365605,32.18390661610534,2.5470302997819525,33.47189725756511,32.778275334224105,20.3679458517933,7.657634994276897,36.554600677938794,2.718283476123041,17.066628483861304,7.579472943361211,45.48472228486655,4.350090067547299,10.222655643474594,5.751124537085,6.857169750837872,83.70095270124715,89.70241490783896,12.895721141812727,15.340923065897874,6.890902836571642,301.3751835110613,3.81950943757432,23.851896650284502,260.3946105696292,10.37206321703754,6.628643592341609,36.59164742705911,39.02653727141543,5.859052317710824,81.0401273138772,82.9480531997183,11.29812077394221,7.688218656145851,12.674832021359899,10.245731000161742
10.0,2.4757798571680922,3.7917345924132055,229.0638831952137,1.9802147183859284,22.656793101929424,15.08682255953318,6.5011351699664734,4.5289831924245645,5.058068215062948,47.28954266169467,7.733005611193255,4.100035205110958,6.631302888651252,26.79808278947921,4.693217783555331,37.01537572458916,2.2178201555992945,38.57572157368519,37.15386652880153,21.789006752389273,7.35805073469102,41.41173987097993,2.2883260247953925,17.645650964470004,7.181474177413988,52.218774609816776,3.8511671516023847,10.013077510676077,5.291377521871784,6.386760693045579,103.28540794073578,111.92058979130846,12.900824340442721,15.486991461576364,6.373579388683852,422.98547210010923,3.2718239409141834,24.838383361395046,353.64846593428297,9.860695939384335,5.956757579904475,39.73774877240663,42.97477380404054,5.224277993587439,96.50932144333315,99.47743584425439,10.928978388679267,7.08344694262429,12.303198556403657,9.73704431844623
11.0,2.2606696609145422,3.6124976326795486,328.5955833710288,1.7420681066922616,25.3179532061398,16.263532620482838,6.436638116362642,4.284422390809831,4.856311201461438,57.09542365310139,7.750810490791693,3.8275306865136622,6.521123040304904,30.306223898256558,4.405649073835675,42.36260866409245,1.9176171074179054,44.19038783390764,41.83704172643018,23.163003026770205,7.03321267098917,46.74459541152513,1.9268899911508557,18.28213204418699,6.829109254274136,60.23205412970567,3.4300114263536114,9.861929957844971,4.889818619305111,5.965551489524187,127.51259454512396,139.4266268905936,12.866310095818772,15.57127619863176,5.8599851948419195,589.969812721442,2.7913354301379587,25.81681895104605,480.41936604573215,9.385721966652637,5.374005109472898,43.423993038850135,47.69508779405979,4.688472603547958,115.66601485211928,119.95475384613836,10.61265949561751,6.529963906511395,11.924362710574421,9.221052296330978
12.0,2.05526176977488,3.429341551538214,470.25016320032705,1.5332227994821161,28.355244459761682,17.6087645701461,6.406325611500636,4.074293779992792,4.682490243370156,69.23234159214647,7.784465996467715,3.5705898123537985,6.389924121998641,34.143561911867906,4.1114043929930135,48.13104594378573,1.6452307797855001,50.35874020353036,46.914299640373436,24.561793877175603,6.71928546751041,52.84599429581153,1.6296192457467136,19.045264623949144,6.5328287833967,69.8767125013503,3.0689118440985834,9.742320270415526,4.524264784514163,5.569333141585026,156.85092594910972,172.8783325236725,12.769965723798407,15.590409176164306,5.3603155757579675,819.503147480564,2.380446488963904,26.897958146778027,655.4483294532082,8.978568456759184,4.88045961566139,47.80111608392231,53.309182851868314,4.22736495649545,139.03690162329076,144.7641421243316,10.289519761123708,5.9971875836524084,11.494937891094462,8.675808184388437
13.0,1.8645384379032122,3.256504297888009,673.6952824383231,1.3542142132981636,31.890388644717664,19.176711005386693,6.407692041871269,3.886853844705255,4.518469607020054,83.97962150888749,7.799368109385012,3.314260610977259,6.217374011949475,38.23211893825567,3.8115121191839725,54.346169496638126,1.4045541918192326,57.287564526451526,52.620698360211556,26.10611228312391,6.446551396334709,60.08226915125604,1.3867521245657737,19.959830635796667,6.282085277996768,81.38380762243492,2.7480831190773136,9.615030902905765,4.17598918445899,5.1823208964073375,191.8039497200064,213.20825245221897,12.625614049391316,15.581802033128767,4.89528985500109,1137.8862130844407,2.0376558598982677,28.189440977240423,899.8595511828578,8.644217700393792,4.459624821961676,52.882193929980595,59.76435987009785,3.81375678751346,166.81248333096127,173.972167865108,9.915496576624754,5.4740335388018595,11.008396272863504,8.111724343169822
14.0,1.6933991801325805,3.104914141907046,968.2306373657938,1.2016744390916665,35.997465470249814,20.973192325079392,6.421300815274032,3.7050441827590825,4.344650216765044,101.47665949081042,7.768783959687122,3.054601973357558,6.004858323253141,42.581874777018214,3.518997428978019,61.227114934144254,1.1991797475528945,65.33919724010406,59.285984323564094,27.912483482399303,6.226796448454198,68.7804305846258,1.185843527884439,20.9930794183062,6.052953175493781,94.81863702087372,2.452694288318776,9.44909519343967,3.837195063111202,4.803125862346972,233.3383558317299,262.1104738357733,12.475669766178642,15.604421435663912,4.48271719751913,1584.2517783674584,1.755133470927434,29.741322583425497,1241.3560402179742,8.360587764324913,4.085981408287637,58.51576486312217,66.8350522765974,3.427423463741994,198.96417863590764,207.57179579386812,9.481223127822656,4.969250938632302,10.494814548692942,7.560718783881904
15.0,1.5432697906329769,2.9770776934502154,1394.9353352188582,1.0695347630946062,40.66301723522312,22.947441916877032,6.42001554068285,3.514942753834825,4.149964932089044,121.86327480752091,7.688493199684824,2.7989320984317505,5.774637909609191,47.33766310723061,3.250267979269281,69.17161717856352,1.0289628009541414,74.94202207463657,67.22643129051974,30.040244355771076,6.050723328561188,79.12189336886577,1.0152080828578753,22.068519312189764,5.82083778686015,110.1455146376323,2.1766996484793033,9.238029869598456,3.511960234477304,4.442235093854875,283.3551352678993,322.45819383948185,12.367900224255385,15.707456228411479,4.1282536259430564,2212.8310416250106,1.520397287935131,31.51220675309577,1712.7908858514036,8.089858800629052,3.735410974889063,64.4419544307498,74.22655499636755,3.060763107021737,235.6443090269063,245.96873831530334,9.012804993417786,4.5017753888980625,10.001453366272068,7.056235753363354
16.0,1.411350117343411,2.8665706669954694,2007.2120188767765,0.9513931432389098,45.79061905927972,25.014287416415268,6.383049259227767,3.3126588311071603,3.937690667807904,145.5526625383947,7.579526990312727,2.5602599089044404,5.5580606205975025,52.75879947019786,3.016302267192162,78.65139770372163,0.88957049173027,86.4525486596386,76.62616518151056,32.461102776690126,5.894441099852802,91.09545939603602,0.8664721251628474,23.104353565789097,5.572486383168947,127.40749041814016,1.9220068196383333,9.002280175231238,3.210832487470166,4.113401558061452,344.93151958329616,398.39179719424675,12.330155511208318,15.903479825426857,3.8237339458211284,3091.7668523571747,1.3199858472433452,33.3737922878558,2349.6218503399186,7.796771297783166,3.3941237227105576,70.43158383610881,81.75623004136767,2.7178198770093407,277.71601359284904,290.4711331606878,8.554443353146675,4.08786553327352,9.567261124524643,6.61649503397794
17.0,1.2922153638845952,2.7616708224976385,2869.4256696454754,0.8427661541065018,51.26785424102366,27.103664606933286,6.307637319664102,3.105759699485529,3.723422203246187,173.50701920413667,7.477118715997444,2.3497224824837115,5.380443211193,59.13558006504265,2.818093512242935,90.05852080263278,0.7741142547133627,100.02609046459278,87.46285246446826,35.067499109998934,5.73164147349576,104.55990440241418,0.7353977229679802,24.059805247177028,5.311250927617243,146.93903600300888,1.694020790274983,8.776632685814382,2.9430120253578065,3.8246546578783422,422.14309573703264,494.93498166223463,12.35545236184527,16.158141030804128,3.5519335805047674,4297.127538342674,1.143095761968486,35.16228309251972,3188.780641670078,7.465692931936194,3.0620559569321033,76.44463987473455,89.51436511576107,2.4079049171359515,327.10548347192025,343.4795789582416,8.144841214481373,3.7324621917193896,9.205454417263782,6.238389067720794
18.0,1.1805508858904281,2.651341916107848,4055.267272181159,0.7421795557519429,57.07560475444787,29.21326315813828,6.211083036745645,2.908461667154644,3.526634132128336,207.34640678494813,7.412961171818669,2.1713713551338527,5.250580534936043,66.67757662304278,2.6473105344922385,103.56214557513098,0.6754483905075013,115.5722762480438,99.53694795346189,37.72521023243866,5.546246342858231,119.42138464759697,0.6209132736836144,24.962042479836505,5.052921033180335,169.47396943026519,1.4966182996107222,8.590907940529956,2.7107631699130286,3.5736616704084234,519.4471123982502,617.1858861386802,12.403446360944786,16.401821480507266,3.294667629018839,5903.732606818406,0.9837331011638818,36.7618619379147,4272.701550207266,7.107216904102801,2.7492170611207323,82.7082612774033,97.89778673489573,2.138175109486376,386.7322359799762,408.2266291426999,7.800713530870979,3.427812459449496,8.900473852071366,5.902100333219018
19.0,1.073548719100028,2.5307659634926667,5649.103448567309,0.6506479124341207,63.37804853830572,31.43032265872542,6.121754356784493,2.733892127315243,3.3612231314078276,249.19389915767272,7.40048222261163,2.0211358844823706,5.1583190930510225,75.42157304721111,2.4907687266494904,119.05077409317225,0.5880982900453482,132.8667844630426,112.63213841698158,40.35148108804935,5.339211624856474,135.84373760721112,0.5231452897183952,25.89503487497976,4.81533095311853,196.05072231329336,1.3292975886123073,8.454814948510533,2.508310677148626,3.3488278377390674,640.8165826757311,769.4169561145255,12.418445091652616,16.561330393297126,3.0405715219694205,7978.571690233171,0.8405988156923249,38.175960500761,5659.848886176271,6.750466260849147,2.4677425031826115,89.65758020087497,107.48831317804019,1.9092677402985616,459.98589338894476,488.1312071399166,7.513219018028129,3.1580131057388443,8.618082711575688,5.582413157374124
20.0,0.9717368323655711,2.4034301286442297,7751.285958690279,0.570026306803133,70.53059208842208,33.905272979074226,6.0647704910364455,2.5879647230092346,3.2298217286848963,301.2745081212047,7.429109334273545,1.8893048556962577,5.079854019447556,85.21319440730583,2.3365056265430737,136.23387892333133,0.5091997330742465,151.81693150174127,126.74901492240186,42.97459320515067,5.125751690915783,154.35529344062,0.44167100059036724,26.956041561576164,4.608319012959894,227.7238038938971,1.1872391074007123,8.353521436245629,2.3247714145258302,3.134860855797298,789.1039107215628,954.78993996726,12.357413371675438,16.598514430404627,2.7889331207216426,10582.607215990163,0.715014437117631,39.53901959295643,7437.02496083974,6.426593045708713,2.2247237709290326,97.76862127714132,118.83767048545289,1.715186454362767,549.9162271076319,586.0046441517368,7.255866156671705,2.9063855697693324,8.323292958465235,5.261193958721695
21.0,0.8779034838432638,2.278599215514553,10480.472075751088,0.5013402442187143,78.98882425586199,36.789194889546536,6.050171031048965,2.4673459113408804,3.1234559112344655,365.399707703573,7.469080168300265,1.7649409365848983,4.9886107962149016,95.80434371615014,2.17883845913678,154.9077495958969,0.43821676053079883,172.75429240028544,142.27404767397678,45.73403127130296,4.925259485900308,175.76178654580772,0.3747853090710914,28.203899471545515,4.429086552709852,265.197235606675,1.0633757720099222,8.255086327072464,2.149259313998324,2.92005263112701,966.3510336581764,1176.4909544761417,12.21383125364467,16.53362940615392,2.5477287775210846,13777.920959267021,0.608284313001341,41.0587673098876,9723.026937181228,6.153613195203003,2.0192007707332564,107.3628507039336,132.2525886473354,1.5461921985177103,658.4791297575197,703.5178025107288,6.9990673484301595,2.6623247316342193,7.997893540132914,4.935111581545058
22.0,0.7949629581606044,2.1659815203954755,13956.94585334323,0.4439633226393254,89.15073623237008,40.16406280453063,6.068380360992132,2.3614859220816746,3.0258309957530263,442.61288112548647,7.485260643220097,1.6404163937496588,4.867513950292461,107.04990490268897,2.019933527063918,175.2617167445287,0.37576518493770533,196.56656011894214,159.9622401553951,48.81738851983345,4.750479091609535,200.88713816502744,0.319761482415747,29.624551068008103,4.2643031447317075,308.58246437260914,0.9511164699518074,8.126659109389937,1.975713669829092,2.701663349873564,1175.5156248205221,1440.4199443015814,12.022499804698855,16.437527283907652,2.327515076278067,17624.539310790504,0.519983262582208,42.92257269372941,12651.601665717682,5.929549812517726,1.843434359807356,118.4643797983292,147.66909595352962,1.392765586697885,786.3609125522676,841.4540471176468,6.724745208233341,2.4245300428861745,7.648418268258693,4.6147544088881265
23.0,0.7241198386722382,2.0708540375381568,18250.433435948362,0.39578093344850246,101.1887747874381,43.996297594393496,6.094283373393695,2.2574755251172998,2.9205514013695395,533.3780143527165,7.454544662068719,1.5140897103363047,4.716488887487989,119.10224547609249,1.8671956273247103,198.02925512173343,0.32232115061791305,224.5592629441087,180.7192200178604,52.36783705678114,4.601629410618744,230.26124517648128,0.2736103756857139,31.131103612638956,4.097397532955091,357.5197789665096,0.8464970788092746,7.952022108043509,1.8050119694952766,2.486381695885854,1423.1545085414973,1758.3381762988263,11.84186932786436,16.39735267447354,2.13519665421165,22148.342212532934,0.44770616630338295,45.2134684783661,16325.96125559672,5.735141609571944,1.686732671137877,130.78059502180275,164.6962156495631,1.2488889088363093,933.8605337561976,1001.028166333155,6.4338192364541085,2.1991887685914593,7.300164808316882,4.316380562322913
24.0,0.6641807145780614,1.991901948189394,23294.71802868406,0.3539799232136929,114.9457445436299,48.14093445480816,6.098707965042472,2.1458134511784124,2.798432365998437,638.5326213661368,7.377690961735367,1.3897984755125292,4.550774625364311,132.47430724294085,1.7284069891388667,224.36560359020223,0.27749552134532957,258.0828595831889,205.272646339373,56.40786508881967,4.467448674228443,263.92942134777996,0.2338426701019632,32.604029895799165,3.9174762477678278,411.77878255901624,0.7488515244935534,7.740614833032505,1.643278458023105,2.2857380185252265,1721.6464343474065,2149.6390803729128,11.72520795864893,16.476214899706402,1.9708628114774454,27277.734592948214,0.3878568181232004,47.86838028632381,20751.435602661113,5.543832649269683,1.5398584805944233,143.85231162620738,182.86134378443833,1.1132927603880691,1102.7448096490823,1185.8252039555414,6.1427324433804715,1.9946705820908521,6.98173209439917,4.05190653978707
25.0,0.6120446632234111,1.9222122061029172,28812.283275159956,0.3160189557679025,129.98290134551686,52.41098381956072,6.0628327098815396,2.0244465929766053,2.6611925224284514,760.7095837692092,7.278195002460695,1.2737008981669709,4.391500290963575,147.91420323117933,1.6076322388385993,255.4914698958993,0.24003195344064815,298.0675586834057,233.8771753616276,60.81788004634067,4.331924816083197,301.56103231284015,0.1989146537887183,33.957701223948035,3.7251415853201295,472.12891551426935,0.6598128173310048,7.522293689378772,1.497686735047243,2.1096167263587526,2089.452994972846,2640.291491291463,11.696373662828888,16.68584196406394,1.8283544309719708,32779.45170195601,0.3367773281496956,50.69767181929511,25778.958398847906,5.334724225410668,1.3982100037050675,157.3385344376132,201.96601510223573,0.9882552577854926,1298.144923623129,1403.2247795117542,5.871908238710566,1.816229984226586,6.709771524919489,3.8226879215798317
26.0,0.5639601133315892,1.8526994145627311,34327.61482242866,0.28038969669411995,145.82647478885485,56.69103878860019,5.987906235245113,1.8988538239225605,2.5193684842251325,905.4422821605848,7.18908394733378,1.170610703273817,4.25475302809463,166.1403053846009,1.503724647817634,292.2580791108003,0.20826151695227157,344.67849844042746,266.22424949422214,65.39201851739733,4.183311182187829,342.9205785348146,0.16822070037845752,35.19742860628146,3.531770998010597,540.9762331803001,0.5814183557349731,7.331400025960892,1.372459707343293,1.9616177786707325,2548.7108006098897,3258.533743621521,11.739849527753453,16.981190508010627,1.6984622941306542,38253.183387143275,0.2916941229568102,53.469595920291745,31110.915000199977,5.102382066596682,1.2624224102794035,171.2867132698633,222.34121958699114,0.8769360551873511,1529.2230564904091,1664.223343360871,5.633625263489423,1.6634169820180018,6.481485841264238,3.6193386002543804
27.0,0.5170031798178559,1.776503214596456,39316.48355924025,0.2468549613923836,162.32748097034278,61.03241608344693,5.8941470500071045,1.7782800019204208,2.3860365469942373,1081.194739173681,7.136062264986886,1.0818274064076434,4.144911128072651,187.54859471775396,1.41146349606544,334.84400277222994,0.1806534301669326,397.35104933008546,301.7001858604011,69.9591701041702,4.02068037707978,388.51657417453106,0.14170936780126733,36.42924387001559,3.3529226161481835,622.3079313792541,0.5145152897516662,7.189849364116059,1.267020219820848,1.837968906912949,3120.5189419706467,4028.202595062645,11.807582543018974,17.278790781843004,1.5730877232032527,43232.379638413164,0.2511653083173062,56.029598405135324,36394.4858748049,4.85808329781556,1.1363294130331023,186.20804528877443,244.81720983065148,0.7809648542666688,1807.883005435596,1981.3369457190067,5.425738128358882,1.5306857828692684,6.277028429602469,3.4267481362419177
28.0,0.47014008293222537,1.6922443964294787,43424.75807105926,0.21607785072201485,179.92518663685237,65.66507034888525,5.809646789527532,1.6706980191915515,2.2703954167231646,1298.0585456507226,7.125839935139034,1.0050734400644092,4.05435722928538,212.02914653570247,1.324338144889561,382.80846368318817,0.15619580080467166,455.3744661121866,339.968331821156,74.50856561523703,3.8541949917557763,440.0378345930865,0.11939002417040634,37.81323806004158,3.200173520448905,720.8324844096655,0.4581872147817101,7.097385175157666,1.176556858511606,1.7295794462823944,3819.6143139278565,4962.570009137617,11.840571868027782,17.49423267782544,1.4485218795652077,47363.032343384446,0.21491574297707344,58.38866474659039,41354.61260939895,4.622084386304781,1.0237869130340915,202.8904617140801,270.39738784718753,0.6994414541061016,2145.7551364900464,2365.232806709645,5.233466022182969,1.4101761562818889,6.069893423582626,3.231692741311865
29.0,0.4243266195947533,1.604293131958584,46603.279355433755,0.18891115746299506,199.6346102350264,70.91221724361723,5.756342350433682,1.5793453635640422,2.174378661347628,1565.438047674812,7.144015123080833,0.9360068086527524,3.9686475162685704,239.03298719560632,1.2376333903822165,435.6206474944091,0.13447299962816964,518.8581211510964,381.5870776199361,79.23867518583396,3.6991234242676243,500.24302505188405,0.10100733427435159,39.48602787350824,3.0757464587095393,840.5442798059972,0.41015519997586436,7.032082305276041,1.094246360230888,1.6260025854314388,4651.794477415827,6063.590884040178,11.79724385489999,17.583283982417882,1.3262652470861096,50548.44147680814,0.18323194572615242,60.72209481159377,45871.42155938112,4.4122235613799825,0.9262881061932846,222.04225242401304,299.7991615465084,0.6293973277619687,2550.5972264835937,2821.692507444136,5.0377330994541225,1.2951807483336228,5.840568544002278,3.0293274851253655
30.0,0.3816173046546069,1.5199779496567674,49063.929348953534,0.1657911311112685,222.74888831361304,77.0503623366559,5.740331218809488,1.50203566523663,2.0930129419672956,1889.6389790852838,7.1626997177049265,0.8703814389393731,3.8744979375260438,267.95374307383514,1.1503639097654437,493.4910097488683,0.11546115888102845,589.5398865262614,428.2581273514892,84.48948000929525,3.567531259042806,572.2470470547992,0.0859864871509564,41.490292459682195,2.971790277665556,983.2013550764068,0.36770418968310314,6.960447293455398,1.014105965724195,1.5197672523991916,5617.889873752985,7330.4284109258415,11.674163884221198,17.563436218881915,1.2110957832188176,52955.46098568737,0.15631249619388948,63.277868651618206,49949.239321283465,4.2354230031451765,0.8423441100625206,243.9441293508995,333.0981672140356,0.5671085300654594,3024.1226625200025,3351.27628036884,4.825852042811076,1.1827396069881193,5.586559681088875,2.8250013061040624
